username, created_at, lng, lat, text
KisaragiChihaya, Sat Apr 25 05:09:14 +0000 2020, 137.782653, 34.831880, #æ‚ªå¤¢ã®è¼ªèˆæ›²#BABYMETAL#STAYHOME#STAYMETALğŸ¤˜ğŸ¦Š#WeAreTheONEğŸ’«#FoxMaskFestivalğŸ¦ŠğŸ¶#withBABYMETALğŸ¦ŠğŸ’•#STAYHEALTHYğŸ€ 
tsubaccyo, Sat Apr 25 05:09:23 +0000 2020, 139.388100, 35.562427, æ€–ããªã„ã‹ã‚‰ã“ã£ã¡ã¸ãŠã„ã§ 
IronManLtd, Sat Apr 25 05:11:37 +0000 2020, -90.070864, 29.948479, Another fun cover, now with @Luischung all the way from PanamÃ¡ playing bass.(Doja Cat - Say so) #cover #stayhomeâ€¦ https://t.co/Q7ONeQryj5 
DavidDePillo, Sat Apr 25 05:11:38 +0000 2020, -87.732013, 41.833585, Warm weather safety?#Covid_19 #COVID #COVID__19 #COVIDUSA #CoronavirusUSA #CoronavirusPandemic #coronavirusâ€¦ https://t.co/LxSSDfKQJA 
TransMaldivian, Sat Apr 25 05:11:47 +0000 2020, 73.226307, 3.201397, We will be back soon soaring the beautiful #Maldives skies and gliding through the ever changing waves...So make sâ€¦ https://t.co/ZlPJ2Krpai 
BarbaraBrunold, Sat Apr 25 05:12:23 +0000 2020, 8.770983, 46.225105, #HomeOffice #telelavoro ğŸ¤·ğŸ»â€â™€ï¸ aber nein, obwohl es problemlos geht, 100% zurÃ¼ck ins BÃ¼ro? ğŸ™ˆ ğŸ¤·ğŸ»â€â™€ï¸ ma no, ancheâ€¦ https://t.co/ItDv6h71Gg 
nightowl_eric, Sat Apr 25 05:13:47 +0000 2020, -75.746002, 39.683919, @CityofNewarkDE why is Fredd's on main street not following @JohnCarneyDE no dinning in. #cdc #staysafe #stayhomeâ€¦ https://t.co/vGM6b0gWBW 
kenjee113, Sat Apr 25 05:13:59 +0000 2020, 136.687116, 36.506127, çŸ³å·çœŒï¼³ æ˜Ÿç¨œ ç¿ æ˜Ÿ ï¼´ é¶´æ¥ å¯ºäº• æ´¥å¹¡ï¼¡ ç©´æ°´ï¼¹ éŠå­¦é¤¨ï¼¨ åŒ—é™¸å­¦é™¢ ç¾½å’‹ ï¼¯ éµ¬å­¦åœ’ï¼­ æ¾ä»»Eã ã‘ç„¡ã„ã‹ãªãƒ»ãƒ»ãƒ»ã€‚#é«˜æ ¡é‡çƒ#stayhome 
sambit___saha, Sat Apr 25 05:14:06 +0000 2020, 88.369900, 22.569700, #calcuttadiaries #calcuttacanvas #calcuttacacophony #calcutta_igers #kolkatabuzz #kolkatainstagrammersâ€¦ https://t.co/uTRLu7rpfl 
bundaester, Sat Apr 25 05:14:13 +0000 2020, 112.743000, -7.264700, Iâ€™ve joined voguearabia in the fight against Covid-19 to support their #stayhome campaign, and emphasise the importâ€¦ https://t.co/b82H64VE31 
yuichi_s0827, Sat Apr 25 05:14:53 +0000 2020, 139.656553, 35.426752, ã©ã‚Œã ã‘å¤§å¤‰ãªçŠ¶æ³ã®ä¸­ã€é ‘å¼µã£ã¦ãã‚Œã¦ã„ã‚‹ã®ã‹çŸ¥ã‚‹å¿…è¦ãŒã‚ã‚‹ã€‚çŸ¥ã‚Œã°è‡ªåˆ†ãŒä½•ã‚’ã™ã‚‹ã¹ãã‹ãŒåˆ†ã‹ã‚‹ã€‚#stayhome#åœ°å…ƒã§éã”ãã†æ±äº¬åœã®ç—…é™¢ã¯ã€Œæ„ŸæŸ“æ‚£è€…ã§ã²ã£è¿«ã€ã€€æ–°å‹ã‚¦ã‚¤ãƒ«ã‚¹å°‚ç”¨æ²»ç™‚å®¤ã®å†…éƒ¨ https://t.co/E2MupyWAk7 @YouTubeã‚ˆã‚Š 
shu1romine, Sat Apr 25 05:15:18 +0000 2020, 139.381259, 35.553877, å®¶ã§æƒé™¤ã—ã¦ãŸã‚‰ã€ã“ã‚“ãªã®å‡ºã¦æ¥ãŸâ—ï¸ğŸ˜#STAYHOME #ãŠã†ã¡ã«ã„ã‚ˆã† #ã†ã¡ã§éã”ãã† #æƒé™¤ #æ—¥æœ¬ã‚¤ãƒ³ã‚¿ãƒ¼ https://t.co/kmZdnOXm8B 
ShadabEnayatul3, Sat Apr 25 05:15:18 +0000 2020, 53.655710, 23.895049, Ramadan Mubarak to all my frnds #StayHome #BeSafe #AbuDhabi #IndianMuslimsInDanger #Indian https://t.co/3z0QNS7LHx 
thedjrpm, Sat Apr 25 05:15:33 +0000 2020, 31.865628, 1.846231, #Throwback #STAYSAFEUG #StaySafeStayHome #StayHome 
demozastores, Sat Apr 25 05:16:24 +0000 2020, 77.594600, 13.102700, Classic Hakoba Palazzo Pants for the season!#styleathome #stayhome #staysafe #demozastores #notjustbasicsâ€¦ https://t.co/FAsowdYbnY 
hoodacousticsng, Sat Apr 25 05:22:08 +0000 2020, 3.318066, 6.590611, Total cases for Lagos is now 657. You have two (2) options during this #Covid-19 #Pandemic. Either â€œBe Patientâ€ aâ€¦ https://t.co/aPMbz913Tr 
JessicaMaerz, Sat Apr 25 05:22:12 +0000 2020, -111.032309, 32.342708, What I hoped Iâ€™d learn about myself in quarantine: that I was the kind of person whoâ€™d go grey happily and naturallâ€¦ https://t.co/bUxLEtUlTG 
sam0rtega, Sat Apr 25 05:22:37 +0000 2020, -118.018856, 33.975918, @Dulcesoursrex Lolllllll I wish this quarantine was OVER so we could turn tf UP 
conorspears, Sat Apr 25 05:22:38 +0000 2020, -73.792663, 41.672773, me choosing more alcohol over sleep during quarantine ... and every night tbh https://t.co/tWxw1kVPAI 
SurenderSindhu, Sat Apr 25 05:22:39 +0000 2020, 76.974691, 28.368525, @MunCorpGurugram no garbage collection in SCERT for last  10 days. Quarantine center, Kota students living in SCERT hostel. 
thewhiteguy23, Sat Apr 25 05:22:47 +0000 2020, -117.294096, 34.134925, quarantine really got my face like ğŸ» 
Odaddy24, Sat Apr 25 05:22:49 +0000 2020, -118.411907, 34.020789, ğŸ˜‚ğŸ˜‚ğŸ˜‚ğŸ˜‚ğŸ˜‚ğŸ˜‚ğŸ˜‚ğŸ˜‚ the times are upon us!!! 
AshuPraveen2014, Sat Apr 25 05:22:51 +0000 2020, 77.350881, 28.331214, à¤•à¥à¤¦à¤°à¤¤ à¤¨à¥‡ à¤à¤¸à¥€ à¤²à¤¿à¤–à¥€ à¤¦à¥‹à¤¨à¥‹à¤‚ à¤•à¥€ à¤¤à¤•à¤¦à¥€à¤°,à¤à¤• à¤¸à¤°à¥€à¤–à¥‡ à¤¦à¤¿à¤– à¤°à¤¹à¥‡ à¤¨à¤¿à¤°à¥à¤§à¤¨ à¤”à¤° à¤…à¤®à¥€à¤° |à¤¨à¤¿à¤°à¥à¤§à¤¨ à¤”à¤° à¤…à¤®à¥€à¤° à¤à¤• à¤•à¥‹ à¤•à¤®à¥€ à¤¸à¤¤à¤¾à¤,à¤œà¤¿à¤¸à¤•à¥‡ à¤˜à¤° à¤­à¤°à¤ªà¥‚à¤°â€¦ https://t.co/InRmCnW2fx 
filarge89, Sat Apr 25 05:22:55 +0000 2020, -0.070603, 51.464686, Stop sharing some useless videos people have mental health issues help them too.. #StayHome #StayHomeSaveLives #Covid_19 
MaryJaneAng3, Sat Apr 25 05:23:00 +0000 2020, 121.124227, 14.606718, O alam na ha, kaya wag masyadong aasa at mag pa asa ha. 
Vivaan98635233, Sat Apr 25 05:23:10 +0000 2020, 86.480556, 22.614012, @PMOIndia @narendramodi Jai Hind Self declaration of Corona  by citizen of India will get Prize reward or Cashâ€¦ https://t.co/W83mhZgnui 
itskatiebabbbyy, Sat Apr 25 05:23:11 +0000 2020, -117.824049, 33.810159, My mom gave me two moo moos to wear since itâ€™s getting hot and now I know what Iâ€™m wearing for the rest of quarantine. 
Roz4art, Sat Apr 25 05:23:14 +0000 2020, -81.000000, 34.000000, I am good! You good? #stayhome #staysafe #stayhealthy #quarantinelife #donlistento45 @ South Carolina https://t.co/ks0ujf7eUN 
ekaaniofficial, Sat Apr 25 05:23:20 +0000 2020, 72.812156, 18.965978, Illuminating your mind body and soul in these dark times now and forever #ekaaniofficial Tardeo / Colaba - Mumbaiâ€¦ https://t.co/RzMXqE6nC0 
fineartfotograf, Sat Apr 25 05:23:22 +0000 2020, 10.411670, 44.151480, Castiglione di Garfagnana Tuscany/italy------#gallery_artstyle #gallery_legit #spi_collective #ig_baoliâ€¦ https://t.co/Pxks2ZnajC 
x0mitaaa, Sat Apr 25 05:23:26 +0000 2020, -71.812438, 42.275760, I canâ€™t wait to throw a party bus again once quarantine is over lol I deff had one planned for around this time ğŸ˜­ 
SaxMike71, Sat Apr 25 05:23:38 +0000 2020, -83.804475, 27.698682, These pork-rind-loving mofos need a life: 
ninjaloha50, Sat Apr 25 05:23:49 +0000 2020, -157.823236, 21.274656, LOVE or take COVEr? ğŸ“· #StayHome #Coronavirus #SocialDistancing ğŸ˜·......ğŸ˜· https://t.co/Ipgw1UjYOm 
KisaragiChihaya, Sat Apr 25 05:23:56 +0000 2020, 137.782653, 34.831880, #BrandNewDay#BABYMETAL#STAYHOME#STAYMETALğŸ¤˜ğŸ¦Š#WeAreTheONEğŸ’«#FoxMaskFestivalğŸ¦ŠğŸ¶#withBABYMETALğŸ¦ŠğŸ’•#STAYHEALTHYğŸ€ 
jay_hendrixx, Sat Apr 25 05:23:57 +0000 2020, -95.446486, 29.838495, I canâ€™t do this quarantine shit no mo 
3peatpoundcake, Sat Apr 25 05:23:57 +0000 2020, 126.966944, 37.028537, everytime I see one of these quarantine â€œrestaurantâ€ posts I smile ear to ear... truly love this for my girls ğŸ’• 
KingSwankk, Sat Apr 25 05:24:15 +0000 2020, -70.973641, 42.532576, @HOT97 How tf is it quarantine radio if they together 
chrys4nth3, Sat Apr 25 05:24:41 +0000 2020, 123.846722, 10.374833, HAPPY QUARANTINE BIRTHDAY RENZ KIMBERLY SALAMANCA!!! u know dat iluvu maski we don't talk dat much. miss you!!! lovâ€¦ https://t.co/F9bVyKIyK0 
kpopsinger, Sat Apr 25 05:24:51 +0000 2020, -122.124000, 47.669400, Who needs to worry about not being able to go  out for #KBBQ during #quarantine when you can do it at home?â€¦ https://t.co/X1nBlVybuW 
colby_barron, Sat Apr 25 05:24:53 +0000 2020, -86.680738, 32.576227, @GavinFree Whatâ€™s something quarantine has improved about your life? If anything 
MrBame, Sat Apr 25 05:25:08 +0000 2020, -88.360169, 39.462507, This how the quarantine hair gonna end up https://t.co/TUwnOYOESi 
clubherbie, Sat Apr 25 05:25:10 +0000 2020, 132.448952, 34.385700, â™«ã€HERBIE INSTA LIVEã€ â™«â–¶ï¸ä»Šå¤œâ€¼ï¸20:00ã‚ˆã‚Šã‚¤ãƒ³ã‚¹ã‚¿ãƒ©ã‚¤ãƒ–ã«ã¦DJ MIXã®ç”Ÿæ”¾é€ã‚’é…ä¿¡â€¼ï¸ HERBIEå…¬å¼instagramã«ã¦ğŸ¦‹ SPECIAL DJ MIXã‚’çš†æ§˜ãŠè¦‹é€ƒã—ãªãğŸ”¥ ã€é…ä¿¡â€¦ https://t.co/ZFwODF4PQy 
kaylaforniaaaaa, Sat Apr 25 05:25:10 +0000 2020, -90.011008, 29.982601, they wild . 
NEDARBNAGROM, Sat Apr 25 05:25:10 +0000 2020, -118.411907, 34.020789, mandela effect 
magistruz, Sat Apr 25 05:25:13 +0000 2020, 64.564459, 41.392006, Ğ“Ñ€ÑƒĞ·Ğ¸ÑĞ³Ğ° ÑˆÑƒ Ğ±Ğ¸Ğ»Ğ°Ğ½ Ğ¸ÑĞ»ÑŒĞ´Ğ° Ğ±Ğ¾Ñ€Ğ¾Ğ»Ğ¸Ñ€ĞºĞ°Ğ½Ğ¼Ğ¸Ğ· 
koyama_kikaku, Sat Apr 25 05:25:27 +0000 2020, 139.715094, 35.729109, èµ·ãã¦ã‚‚ã‚„ã‚‹ã“ã¨ãªã„ã€‚ 
jeff_crtz, Sat Apr 25 05:25:41 +0000 2020, -111.931711, 34.168253, ganto ba epekto ng quarantine sa mga kabigan ko?? https://t.co/5zOQHz9WKB 
KH_Wave, Sat Apr 25 05:25:43 +0000 2020, -72.598119, 44.152532, GOOD MORNING ğŸ¸ MEME THIS #saturday @ Quarantine https://t.co/mrnFoIGUKH 
mattnightingale, Sat Apr 25 05:25:46 +0000 2020, -122.676108, 38.452218, Is everybody else talking with their exes during quarantine too? 
Lynroseee, Sat Apr 25 05:25:48 +0000 2020, 120.968701, 14.313529, Quarantine breakouts grrrr.ğŸ¥´ 
MarisaWatson_, Sat Apr 25 05:26:05 +0000 2020, -80.181835, 38.920142, So how am I supposed to meet the love of my life in quarantine?????? Tinder ainâ€™t cuttin it 
jeff_crtz, Sat Apr 25 05:26:08 +0000 2020, -111.931711, 34.168253, ganto ba epekto ng quarantine sa mga kaibigan ko!!?? https://t.co/sriGKnyWXU 
Tom_Crandall, Sat Apr 25 05:26:15 +0000 2020, -122.392550, 40.587600, Hey married peeps! How ya holdin up in quarantine?ğŸ§ğŸ˜¬ğŸ¤ªâ€¢â€¢Last September, we celebrated 20 years of marriage. I canâ€¦ https://t.co/cTmUnpYZ4i 
regallyjay, Sat Apr 25 05:26:22 +0000 2020, -117.968540, 33.769045, God how many more tattoo concepts will I have once quarantine is over because I think Iâ€™ve doubled my list already 
pvidxx, Sat Apr 25 05:26:22 +0000 2020, -94.822776, 29.287575, because of this quarantine... got me lookin chunky 
OhMyEmilyLouise, Sat Apr 25 05:26:37 +0000 2020, -118.411907, 34.020789, iâ€™m about to turn into a 34 year old lady and iâ€™m stuck in quarantine. so iâ€™m going to recreate my favourite thingâ€¦ https://t.co/bXfHmpGZ4F 
maoudynrni, Sat Apr 25 05:26:41 +0000 2020, 107.867599, -7.001888, Alhamdulillaaah perjuangan sejak di quarantine, kedah seer olahraga sareng makan secukupnya ieu mah ğŸ™Œ 
Michael_mjb, Sat Apr 25 05:26:47 +0000 2020, 29.095333, -15.306759, @martha_zuri Follow button isn't on quarantine Do as wise https://t.co/zcQ8Bc4DF8 
lilkrouton, Sat Apr 25 05:26:47 +0000 2020, -88.161321, 41.748496, Honestly just a thought if u live with your significant other during this quarantine and just u two living with eacâ€¦ https://t.co/CEaUkr8T5b 
terp_tiggler710, Sat Apr 25 05:26:51 +0000 2020, -105.068348, 39.899287, This music has me wanting all this sex..... i need a quarantine fwb ğŸ¥´ğŸ˜… 
FlorFadigati, Sat Apr 25 05:26:51 +0000 2020, -58.373400, -34.608600, "Isn' t she lovely?"... IMPROVISANDO un poco ,ğŸ¤«ğŸ¶ Lindo Viernes por la noche para tod@s!! ..#cuarentenaâ€¦ https://t.co/JyWM8r5OvT 
freekaz, Sat Apr 25 05:26:56 +0000 2020, 135.512200, 34.660300, ãŠæ˜¼ã€‚#japan #osaka #lunch #stayhome #æ—¨è¾›éºº #æ¯æ—¥ä¸€æ¯ã®é’æ± #ãŠå®¶ã«ã„ã‚ˆã† å ´æ‰€: Osaka https://t.co/18OtI5kZoR 
Coach_Cam7, Sat Apr 25 05:26:56 +0000 2020, -117.287924, 33.121484, TIFFâ€™s gonna b a monster!!! Nothing like that Father/Daughter relationship!! Believe ik!! 
Dino_Kahaulelio, Sat Apr 25 05:27:04 +0000 2020, -119.306608, 37.269176, Am I the only one thatâ€™s grateful for this quarantine? 
kimpoiHere, Sat Apr 25 05:27:15 +0000 2020, 123.846722, 10.374833, yeah apil fresh milk or yakult heheh 
BjornSchoot, Sat Apr 25 05:27:20 +0000 2020, 5.373600, 51.567800, #wakker #zaterdag #vrij #boodschappen #koffie #koffietijdâ˜• #goodmorning #joreggelt #bonjour #gutenmorgenâ€¦ https://t.co/mFo57Hg8vs 
scotty808, Sat Apr 25 05:27:25 +0000 2020, -157.937057, 21.404041, ğŸ‘ğŸ» 
lexxbaee__, Sat Apr 25 05:27:33 +0000 2020, -84.315070, 33.874544, I wish one of my friends would come to Atlanta and quarantine with me ğŸ¥´ 
Dino_Kahaulelio, Sat Apr 25 05:27:39 +0000 2020, -119.306608, 37.269176, This quarantine has given me opportunities to better my mind, body, and soul. 
nareshdryfruit, Sat Apr 25 05:27:45 +0000 2020, 75.068406, 32.657848, Happy Ramadan to allğŸ˜Š#festival #ramadan2020 #ramadan #joy #happines #dates #goodfood#dryfruitsandnutsâ€¦ https://t.co/dxjG5fpW4c 
_SibinS, Sat Apr 25 05:27:50 +0000 2020, 76.931700, 8.503500, ğŸ›¡ï¸#quarantine #selfie #longhair #beardo @ Trivandrum, India https://t.co/Cnr5KBO5JP 
lovitospia, Sat Apr 25 05:27:52 +0000 2020, 125.383056, 6.878531, i miss you so much and u know that, last kita nto kay tung ni adto ka addu fiesta ğŸ˜© tas wala na tay kita2. Enjoy yoâ€¦ https://t.co/fJzHljl4Nn 
shmapn_shmazz, Sat Apr 25 05:28:10 +0000 2020, -86.791549, 36.200008, Been on my nerd shit this quarantine ğŸ¤™ https://t.co/ocoVKfZAMt 
KKelly24, Sat Apr 25 05:28:13 +0000 2020, -82.330269, 29.673172, im shocked at how many people still do not know how to spell quarantine as if the word hasnâ€™t been everywhere LOL 
Sebringt18, Sat Apr 25 05:28:20 +0000 2020, -83.804475, 27.698682, If thereâ€™s one thing Iâ€™ve learned throughout this quarantine.. never judge a person until you know them. Because yoâ€¦ https://t.co/nsXdM6HVG6 
anagsoto_, Sat Apr 25 05:28:30 +0000 2020, -73.968542, 40.780709, who is gonna take one for the team and be my quarantine lover ? 
crimsonruari, Sat Apr 25 05:28:39 +0000 2020, -88.024699, 41.887604, There is no existence without bread. All bread is existential bread. (For those of us for whom bread is not a proâ€¦ https://t.co/d6AhGfIBjw 
Kneeuh_Pia, Sat Apr 25 05:28:46 +0000 2020, -121.796444, 37.985661, I sent @JamesConner_ a snap asking him to be my quarantine friend and he actually opened it. Iâ€™m glad he didnâ€™t bloâ€¦ https://t.co/LYIUPj3LbT 
NoApologies999, Sat Apr 25 05:28:52 +0000 2020, -74.153947, 40.572376, Chalk this one up to a bad day in quarantine 
anymasiro, Sat Apr 25 05:28:57 +0000 2020, -74.076133, 4.597889, ğŸ’ªğŸ» *1000 FAMILIAS - QUARANTINE BODY* ğŸ”¥Este mes de Mayo, tendremos nuevamente nuestro Reto con 3 ganadores a la MEâ€¦ https://t.co/1Mf8g31uTM 
lyracelestine, Sat Apr 25 05:29:00 +0000 2020, -118.411907, 34.020789, Highlight of quarantine? Listening to my neighbors argue outside my window 
Shan_Vibesss, Sat Apr 25 05:29:03 +0000 2020, -83.173867, 32.678207, Iâ€™m really ready for this quarantine shit to be over ğŸ˜” 
_dayanaayala, Sat Apr 25 05:29:12 +0000 2020, -95.446486, 29.838495, Were all going to get out of this quarantine with different personalities and souls 
hampon903, Sat Apr 25 05:29:12 +0000 2020, 127.896051, 26.345833, ãƒ¯ã‚¯ãƒ¯ã‚¯(Â´ï½¡âœªÏ‰âœªï½¡ï½€) 
BossKevvy, Sat Apr 25 05:29:22 +0000 2020, -77.275953, 18.115407, I canâ€™t even see my bae ğŸ’ğŸ¥ºğŸ¥°â™¥ï¸no more because of dis quarantine ğŸ™„ 
tsukada_kaban, Sat Apr 25 05:29:35 +0000 2020, 138.187602, 36.647568, ã€æ›æ°—ä¸­ã€‘ä»Šæ—¥ã¯æ°—æŒã¡ã®ã„ã„å¤©æ°—ã§ã™ğŸ”†#åº—å†…æ›æ°—ä¸­ #ãƒ„ã‚«ãƒ€ã‚«ãƒãƒ³ #tsukadakaban #é•·é‡ #é•·é‡å¸‚ #nagano #stayhome å ´æ‰€: Tsukada Kaban ãƒ„ã‚«ãƒ€ã‚«ãƒãƒ³ https://t.co/oOaSX9F9iZ 
battenarakwa, Sat Apr 25 05:29:52 +0000 2020, 127.509560, 29.376884, å…¨éƒ¨æ··ãœã‚‹ã¨ã€ã“ã†ãªã‚Šã¾ã—ãŸğŸ¤ğŸ‘µ #ã†ã¡ã§è¸Šã‚ã† #ãŠã†ã¡æ™‚é–“ #StayHome  #æ˜Ÿé‡æºã€€#ã°ã£ã¦ã‚“è’å·jr . https://t.co/ORR1aMZxXr 
ivan__bernal, Sat Apr 25 05:29:59 +0000 2020, -73.916667, 3.816667, ğŸ’ªğŸ» *INICIAMOS NUEVO RETO  - QUARANTINE BODY* ğŸ”¥Este mes de Mayo, tendremos nuevamente nuestro Reto con 3 ganadoresâ€¦ https://t.co/DKygU9eBUN 
shawxdee, Sat Apr 25 05:30:02 +0000 2020, 121.601351, 16.862617, BAGUIOTagal ko nang plinano ito. Iâ€™ll go to Baguio alone. 
fbenton25, Sat Apr 25 05:30:08 +0000 2020, -86.142922, 39.779562, @njshsdamsels something you might enjoy 
Tochi_Otome_, Sat Apr 25 05:30:13 +0000 2020, 139.936908, 36.996102, Don't Start Nowï¼Dua Lipaã€D-girlsâ˜† ã€‘ https://t.co/qmkoxzJQCn @YouTubeã‚ˆã‚Šã€ç¬¬1å¼¾D-girlsâ˜†ãƒ€ãƒ³ã‚¹ãƒªãƒ¬ãƒ¼ç·é›†ç·¨ğŸƒâ€â™€ï¸ğŸƒâ€â™‚ï¸ğŸƒã€‘â™ª @DUALIPA ï¼â€¦ https://t.co/u5qOoNAq4m 
maenomeri_1203, Sat Apr 25 05:30:13 +0000 2020, 140.487750, 40.075240, #STAYHOME https://t.co/Rai5H32nhI 
MattJackson999, Sat Apr 25 05:30:14 +0000 2020, -117.825600, 33.890000, Hello, #springtime!One of two #rosebushes in our front yard is #blooming. Even though it was in the high ninetiesâ€¦ https://t.co/sdk1naIujg 
SuzanneNeedles, Sat Apr 25 05:30:16 +0000 2020, -122.435979, 37.770657, ğŸ‚ğŸ‚ğŸ‰ğŸ‚ğŸ‚ 
djleomeo, Sat Apr 25 05:30:22 +0000 2020, 4.664613, 43.783392, #day39 #quarantine Peace of the nature Ã  Mas Pitras https://t.co/0FDAaTXOA8 
ivanificent7, Sat Apr 25 05:30:48 +0000 2020, -117.320879, 33.226316, One day ima be like damn we did some stupid ass shit during quarantine lol 
aryah_riley, Sat Apr 25 05:30:54 +0000 2020, -95.192680, 29.972668, I want a lil boy do baddd! 
bluecnotes26th, Sat Apr 25 05:30:59 +0000 2020, -77.332361, 37.251750, @CASHMIKEEEEEEE_ Brah quarantine got my head lookin a  mess. Iâ€™ve been wearing a cap for weeks ğŸ˜­ 
_dearkim, Sat Apr 25 05:31:04 +0000 2020, -87.732013, 41.833585, After this quarantine is over I immediately need to see the following live: -Whipped Cream-4B-K?D-SAYMYNAME  Itâ€™s a MUST. ğŸ˜¤ 
callie5647, Sat Apr 25 05:31:09 +0000 2020, -111.737566, 33.405755, I know people make New Years resolutions but can we make like post quarantine resolutions a thing 
KisaragiChihaya, Sat Apr 25 05:31:13 +0000 2020, 137.782653, 34.831880, #FUTUREMETAL#BABYMETAL#STAYHOME#STAYMETALğŸ¤˜ğŸ¦Š#WeAreTheONEğŸ’«#FoxMaskFestivalğŸ¦ŠğŸ¶#withBABYMETALğŸ¦ŠğŸ’•#STAYHEALTHYğŸ€ 
ItsMeLarryV, Sat Apr 25 05:31:25 +0000 2020, -121.955229, 37.280837, I miss life before quarantine 
Carla_Patra, Sat Apr 25 05:31:29 +0000 2020, -122.435979, 37.770657, I just knew, in High School, that I was going to marry the late, Michael Jackson! You couldnâ€™t have told me otherwiâ€¦ https://t.co/wWk1F7r07A 
Krizziaane, Sat Apr 25 05:31:29 +0000 2020, 124.705205, 7.782538, legit, pati spelling 
DAIARAKI1986, Sat Apr 25 05:31:34 +0000 2020, 139.692626, 35.666851, purple magazineã®å‰µåˆŠè€…ã§ã‚ã‚Šç·¨é›†é•·ã®æ›¸ç±ã€‚ã•ã¦å­—ã‚’èª­ã‚€ã®ãŒè‹¦æ‰‹ãªç§ã«èª­ã¿åˆ‡ã‚Œã‚‹ã®ã‹ã€‚#stayathome #stayhome https://t.co/3f61cFvoiP 
FairuzMajid, Sat Apr 25 05:31:38 +0000 2020, 101.710900, 3.158100, Chak! Jangan tak puasa ya ğŸ˜…  Enjoy your wonderful weekend peeps! And stay at home. #weekend #weekendvibesâ€¦ https://t.co/KOQyGvSvfA 
Tebly65, Sat Apr 25 05:31:45 +0000 2020, -89.569491, 44.900818, @A_S12 @sbjsbd @GettyImages And if a team member shows symptoms or tests positive?  Doesnâ€™t that mean quarantine foâ€¦ https://t.co/eEGbcxjcWF 
saurabhk_verma, Sat Apr 25 05:31:48 +0000 2020, 77.095086, 28.638489, The Rise of the Quarantine Beard@NewYorker#lockdown https://t.co/dPxLVV8tyw via @NewYorker 
ch4r7es, Sat Apr 25 05:31:48 +0000 2020, -86.527267, 34.826008, @BlackkBella ğŸ˜‰ğŸ˜ˆ soon as the quarantine over ğŸ˜… 
GenkaiKakogawa, Sat Apr 25 05:31:50 +0000 2020, 135.505367, 34.472116, #StayHome https://t.co/Wudkt5kKhL 
meomauricioochm, Sat Apr 25 05:32:00 +0000 2020, -73.948775, 40.655138, Hi @Twitter ! How are you handling during this quarantine? #COVID19 #QuarantineLife 
hongruilee, Sat Apr 25 05:32:10 +0000 2020, 103.792817, 1.442461, #circuitbreakingorange day 19 - flattening the curve or fattening my curves?Credit: Comic designed by reddit postâ€¦ https://t.co/cu7iRFb59U 
funkmasterMel, Sat Apr 25 05:32:12 +0000 2020, -87.732013, 41.833585, when you need to go back to therapy but itâ€™s quarantine LOL sick 
Pappu_jeh, Sat Apr 25 05:32:18 +0000 2020, 85.811298, 25.904119, à¤¬à¤¿à¤¹à¤¾à¤° à¤®à¥‡à¤‚ à¤®à¤¿à¤²à¥‡ à¤•à¥‹à¤°à¥‹à¤¨à¤¾ à¤•à¥‡ 2 à¤”à¤° à¤®à¤°à¥€à¤œ, à¤¸à¥‚à¤¬à¥‡ à¤®à¥‡à¤‚ à¤†à¤‚à¤•à¤¡à¤¼à¤¾ à¤ªà¤¹à¥à¤‚à¤šà¤¾ 225#coronaupdatesindia #Covid_19#CoronaVirusUpdatesâ€¦ https://t.co/wnhnPoeIiJ 
brianbowsher, Sat Apr 25 05:32:22 +0000 2020, -122.330602, 47.614817, @timdanbrog "Competitive Bearding" 
raj2jas, Sat Apr 25 05:32:28 +0000 2020, 80.884408, 26.825170, Corona lockdown. Post 3 May, all youth must be advised to visit quarantine areas. Will ensure physically fitter youâ€¦ https://t.co/w7Y7lG9QCV 
Rooftop_Dweller, Sat Apr 25 05:32:31 +0000 2020, -86.793917, 33.542237, Iâ€™m not gonna do it because I respect the quarantine and social distancing and all that but damn Iâ€™m losing my shit staying home 
DrClarenceLeeJr, Sat Apr 25 05:32:35 +0000 2020, -117.297000, 33.122000, Quarantine and chill... @ Carlsbad, California https://t.co/htPwZbj7ra 
WittySam, Sat Apr 25 05:32:35 +0000 2020, 151.442498, -33.346647, Iâ€™m just gonna say it. Fuck Kerry Stokes 
Chicopalo1994, Sat Apr 25 05:32:38 +0000 2020, -84.433106, 33.767195, Car parts and camera equipment 
pdaddyfink, Sat Apr 25 05:32:39 +0000 2020, -104.922093, 39.713563, Me walking into the first gay bar post-quarantine. 
laurenciakl, Sat Apr 25 05:32:44 +0000 2020, 121.955745, -2.665322, aku pengen huhu 
Sttuart_ok, Sat Apr 25 05:32:45 +0000 2020, -68.095722, -38.952888, yes yes, but how many cups you have envidioso 
_LingLingLex, Sat Apr 25 05:32:47 +0000 2020, -73.948775, 40.655138, @Stayconsistent4 @itzStephieLynne Url only opened up submissions because we are under quarantine and scouts donâ€™t hâ€¦ https://t.co/UFqb9LCMXO 
ajd1227, Sat Apr 25 05:32:54 +0000 2020, -74.006400, 40.714200, Week 6 of self distancing........#covid_19 #selfdistancing #nyc #nycbased #coronavirus #stayhomeâ€¦ https://t.co/2zA8Tn8dxg 
courtmno, Sat Apr 25 05:32:58 +0000 2020, -85.768241, 37.822244, i would literally spend the rest of my life in this cage with this man and be content@MorganWallen 
Carlos_Vansoto, Sat Apr 25 05:33:07 +0000 2020, -66.159567, 18.379657, AAHAHAHA 
raibagkarv, Sat Apr 25 05:33:08 +0000 2020, 74.511670, 15.867030, #thankyou Everyone for your #birthdaywishesğŸ‚ and #cake in #lockdown #stayhome #staysafe @ Belgaum - Smart City https://t.co/VFuAaFfoS1 
HappySm32111570, Sat Apr 25 05:33:32 +0000 2020, 135.574330, 34.408054, #Stayhome#ã‚«ãƒ•ã‚§ãƒ¡ãƒ‹ãƒ¥ãƒ¼#ã‚³ãƒ­ãƒŠã‚¦ã‚£ãƒ«ã‚¹#ãŠã†ã¡ã§ä½œã‚ã†#ãŠã†ã¡ã§é£Ÿã¹ã‚ˆã†#ç°¡å˜ã‚¯ãƒƒã‚­ãƒ³ã‚°#ã«ã‚“ã˜ã‚“#ãŠã—ã‚ƒã‚Œãªä¸€å“æ˜¥äººå‚ğŸ¥•ã‚’ä½¿ã£ã¦ã€€å®¶ã«ã‚ã‚‹ã‚‚ã®ã ã‘ã§ã§ãã‚‹ãƒ‘ãƒ‘ãƒƒã¨ä¸€å“ãƒ¬ã‚·ãƒ”å‹•ç”»ã¯ã“ã¡ã‚‰ï¼ï¼â€¦ https://t.co/lhGu9ohPJW 
yourahonten, Sat Apr 25 05:33:35 +0000 2020, 137.034762, 35.218874, #stayhome#ã‚ˆã†ã‚‰æœ¬åº—#ã‚¢ãƒ“ã‚¨ https://t.co/FcrWUkieVh 
attitudestatus0, Sat Apr 25 05:33:36 +0000 2020, 77.054167, 28.600000, #vermağŸ˜ğŸ‘‘ #stayhomeUse status on ur pic or tag me @attitudestatus0Tag your friends or shear Follow Second Acountâ€¦ https://t.co/2cB8jyQtL4 
gamarraphoto, Sat Apr 25 05:33:39 +0000 2020, -77.089605, -12.079635, #QuedateEnCasa #Dia40 #Quarantine https://t.co/U6mceRno42 
ccurrens31, Sat Apr 25 05:33:44 +0000 2020, -96.761753, 32.819858, Well @LarryJoeTaylor Fest isnâ€™t going on this week, so weâ€™re improvising. 
pvidxx, Sat Apr 25 05:33:46 +0000 2020, -94.822776, 29.287575, someone bored and want some company until this quarantine is over? ion wanna be home. 
valeglzes, Sat Apr 25 05:33:48 +0000 2020, -103.657843, 25.471381, Happy quarantine birthday @MemVan ğŸ˜ğŸ¥³ğŸ¤—ğŸ¥° https://t.co/bwKq3ygmSf 
SoRabbitHearted, Sat Apr 25 05:33:50 +0000 2020, -122.330602, 47.614817, Gene &amp; I after we switched hats, on the roof for a renegade Quarantine happy hour  ğŸ¥ƒ https://t.co/632iRAEaHm 
Huff_Garrett, Sat Apr 25 05:33:51 +0000 2020, -123.029015, 44.935084, Just quarantine shit. https://t.co/CiDWz2AtNq 
DD_Bharati, Sat Apr 25 05:33:55 +0000 2020, 77.095086, 28.638489, #IndiaFightsCorona #StayAtHomeSaveLives #StayHomeStaySafe #StayHome #CoronaVirus #COVID2019 #coronavirusindiaâ€¦ https://t.co/47n8MS4EFb 
m_maa3158, Sat Apr 25 05:34:05 +0000 2020, 139.840492, 35.824477, ç¶ºéº—ã ãªãã€‚ç©ºã‚‚ç¶ºéº—ãªã®ã«ãªãã€‚#èŠ±ã®ã‚ã‚‹æš®ã‚‰ã— #ã‚¤ãƒã‚½ãƒ© #æ˜¨æ—¥ã®ç©ºã ã‘ã©#stayhomeãƒ™ãƒƒãƒˆã®ä¸­ã§å¯ã¦ã„ã‚‹ã‚ã‚“ã“ãŒæ—¦é‚£ã•ã‚“ã®ãŠãªã‚‰ã‹ã‚‰é€ƒã’ãŸã“ã¨ã‚’çŸ¥ã‚‰ãªã„æ—¦é‚£ã•ã‚“â€¦â€¦ãŠèŠ±ã¯è‰¯ã„é¦™ã‚ŠâÂ¨Ì® https://t.co/mwnrIQXiUi 
fenbrazier, Sat Apr 25 05:34:07 +0000 2020, -98.123250, 29.705614, Best thing about quarantine?Being places alone https://t.co/H0h2xrAn0y 
Rileywohlman, Sat Apr 25 05:34:13 +0000 2020, -75.386460, 39.145024, Iâ€™m scared 
divyavaibhav64, Sat Apr 25 05:34:14 +0000 2020, 73.035886, 19.096730, #Covid_19 NMMC report as on 24.04.20Home Quarantined 2365No of travellers completed 14 days Quarantine 2234GH,Vaâ€¦ https://t.co/DaNgCJ15H6 
88SuperOfficial, Sat Apr 25 05:34:22 +0000 2020, -118.411907, 34.020789, @djbeatnick Post quarantine Iâ€™m headed to Philâ€™s! 
wilbeert, Sat Apr 25 05:34:25 +0000 2020, -90.224221, 15.772468, JAJAJJAAJJAAJAJAJAJA 
chiikishinbun, Sat Apr 25 05:34:32 +0000 2020, 140.107549, 35.738002, ã“ã‚“ã«ã¡ã¯ğŸ˜Š #stayhome ã®ãŠä¾›ã«ã‚ã‚„ã¨ã‚Šã€ã„ã„ã§ã™ã­âœ¨ã€Œã¡ã‚‡ã†ã¡ã‚‡ã€ä½œã£ã¦ã¿ã¾ã—ãŸğŸ¦‹è‰¯ã‹ã£ãŸã‚‰çš†ã•ã‚“ã‚‚æŒ‘æˆ¦ã—ã¦ã¿ã¦ãã ã•ã„ğŸ™Œ#ã†ã¡ã§éã”ãã†#ç³¸ãƒãƒ£ãƒ¬ãƒ³ã‚¸https://t.co/lNRHDvwJqR 
TheRealSamAuer, Sat Apr 25 05:34:36 +0000 2020, 121.082345, 14.583306, Whatâ€™s your hubad series? ğŸ¤£ Isa pang extend ng Quarantine mag huhubad na talaga ako. Dejk ğŸ¤£ğŸ¤£ğŸ¤£ğŸ¤£ https://t.co/c39L1VSV4G 
hayskeeze, Sat Apr 25 05:34:37 +0000 2020, -83.532268, 43.026291, The last show I got to see before quarantine was @djacslater &amp; Iâ€™ve had an emotional attachment to him ever since!â€¦ https://t.co/dTdCcnDRZt 
lycheeteaiced, Sat Apr 25 05:34:45 +0000 2020, 118.029809, -2.550365, Coba aja kalo berani kelen nongol gini disekitaran rumah, alamat tinggal nama doang lu dpt bapak w ğŸ˜‚ 
MaggieSobecks, Sat Apr 25 05:34:46 +0000 2020, -83.574671, 41.656590, @woolimusic can you plz sell more of your wooli Vuitton pashminas?? It would make you the real quarantine MVP ğŸ¥ºâ¤ï¸ 
ewhitney11, Sat Apr 25 05:34:47 +0000 2020, -71.196238, 42.181867, â€œMake the cat love me the mostâ€ is my next hobby in quarantine 
yourahonten, Sat Apr 25 05:34:48 +0000 2020, 137.034762, 35.218874, #stayhome#ã‚ˆã†ã‚‰æœ¬åº—#ã‚¢ãƒ“ã‚¨ https://t.co/NIl3YOgKhB 
stibindong, Sat Apr 25 05:34:49 +0000 2020, -118.411907, 34.020789, My lowest step count this quarantine was 250 cant believe I used to walk like 13k on average before 
Me49435715, Sat Apr 25 05:35:15 +0000 2020, -98.319925, 38.498196, Yesterday. Day 31 in KCK Lockdown. So, I gained some quarantine weight, but that's ok. I am ready to get back on trâ€¦ https://t.co/Sk2PDxkxq1 
AylaaBaylaa, Sat Apr 25 05:35:33 +0000 2020, -74.262990, 40.791359, @DrinksOnWopp Lmao me and Gordi been smoking this whole quarantine and every time we ask him to smoke w us he calls us crackheads lol 
imjhasper03, Sat Apr 25 05:35:37 +0000 2020, 120.828395, 14.339634, Ngayon 47 po sila kasama po ang nanay naka 14days Quarantine dahil po may mga positive case kaya need po nila ihiwaâ€¦ https://t.co/Pg2TQI9nQt 
krlakkadi, Sat Apr 25 05:35:47 +0000 2020, -71.609219, 42.265111, â€œAll Indians are Hindus or their ancestors are Hindusâ€...who ever not accept this..then they are invaderâ€™s DNA.Itâ€™â€¦ https://t.co/mj2kiKRgYN 
dubstepslvt, Sat Apr 25 05:35:47 +0000 2020, -122.630908, 45.536402, Im so beyond thankful for you man! Ive been having a pretty hard time mentally w/ this quarantine but having your Lâ€¦ https://t.co/HdZnciQYhY 
confetti_papi, Sat Apr 25 05:35:48 +0000 2020, -80.132962, 25.816966, HYDEing in Quarantine until we save water once again ğŸ¾ğŸ’¦ https://t.co/vRNafpBMNm 
AirRohtak, Sat Apr 25 05:35:50 +0000 2020, 76.974691, 28.368525, ğŸ‘‰The holy month of #Ramadan is a time to build stronger relationships based on mutual compassion, service &amp; supportâ€¦ https://t.co/smnl2NhagL 
ibne_ayoob, Sat Apr 25 05:35:59 +0000 2020, 74.736304, 34.177134, @shahbazmirza9 @RafqatSonwaire Yes sir it's good idea, such contractors are blot on the name of humanity. Yesterdayâ€¦ https://t.co/yDPig7u1Br 
Wandering623, Sat Apr 25 05:36:01 +0000 2020, 139.622008, 35.745865, ç·´é¦¬åŒºæ°‘ãŒã‚¹ãƒ¼ãƒ‘ãƒ¼ã§è²·ã†ã ã„ã“ã‚“ã¨ã‚­ãƒ£ãƒ™ãƒ„ï¼ˆç¬‘ï¼‰ç¢ºã‹ã“ã®ã‚¹ãƒ¼ãƒ‘ãƒ¼ã€å¤§æ³‰ç”£ã¦ã‚³ãƒ¼ãƒ‰ãŒã‚ã£ãŸã¯ãšãªã‚“ã ã‘ã©ã­#å†™çœŸ#photography#æ±äº¬ã‚«ãƒ¡ãƒ©éƒ¨#ã‚­ãƒªãƒˆãƒªã‚»ã‚«ã‚¤#ã‚¤ãƒã‚½ãƒ©#ç·´é¦¬åŒº#ç”Ÿç”£ç·‘åœ°#å¤§æ ¹â€¦ https://t.co/Ldxjy8E409 
amouryourz, Sat Apr 25 05:36:08 +0000 2020, -74.423014, 40.619580, Binge watching Naruto has been my highlight during quarantine.... like Iâ€™m really realizing so much shit 
bolang_p, Sat Apr 25 05:36:11 +0000 2020, 105.938758, -6.437779, My quarantine is so different this weekend, full of firing, thrilling and action because of #Extraction  andâ€¦ https://t.co/Ya9mdTW9rC 
CLErnst, Sat Apr 25 05:36:27 +0000 2020, -85.582746, 38.107638, How I feel about this quarantine 
GesterRio, Sat Apr 25 05:36:31 +0000 2020, 123.942861, 10.355342, Hurot ni nako ako usa man ğŸ˜… 
RealSultanCrest, Sat Apr 25 05:36:33 +0000 2020, 29.095333, -15.306759, I don't know what y'all are still doing in China anyway, but good luck to you because if there's a Nation with so mâ€¦ https://t.co/uric9kVvio 
jonmichaelpapa, Sat Apr 25 05:36:33 +0000 2020, 121.079880, 14.335180, Took a dip with the boys!ğŸ’¦ #FreakingHot #Summer2020 #DaddyAndSons #SwimTime #RaloBoy #RobyBoy #StayHome @ Palma Reaâ€¦ https://t.co/X52VsOT284 
_5LIM, Sat Apr 25 05:36:33 +0000 2020, -122.362414, 37.948843, When the quarantine end https://t.co/xBEAYcGpWp 
yourahonten, Sat Apr 25 05:36:39 +0000 2020, 137.034762, 35.218874, ã”è³¼å…¥ã‚ã‚ŠãŒã¨ã†ã”ã–ã„ã¾ã™â¤ï¸#stayhome#ã‚ˆã†ã‚‰æœ¬åº—#ã‚¢ãƒ“ã‚¨ https://t.co/PXBjXpIWkE 
bm5_5, Sat Apr 25 05:36:41 +0000 2020, 140.366900, 37.395600, #ãƒ­ãƒ¼ã‚¹ãƒˆãƒ“ãƒ¼ãƒ•ä¸¼ ã¨ã»ãŸã¦ã¨ã‚¢ã‚¹ãƒ‘ãƒ©ã®ã‚¯ãƒªãƒ¼ãƒ ãƒ‘ã‚¹ã‚¿ã€‚ä»˜ã‘åˆã›ã‚‚ãŸãã•ã‚“ã§ã†ã‚Œã—ã„ã€‚ãŠã„ã—ã‹ã£ãŸã§ã™ã€‚ã”ã¡ãã†ã•ã¾( *Â´ê’³`*) #zoccolo #éƒ¡å±±ãƒ†ã‚¤ã‚¯ã‚¢ã‚¦ãƒˆ #ç¦å³¶çœŒéƒ¡å±±å¸‚ #ãŠã†ã¡ã”ã¯ã‚“â€¦ https://t.co/Rmzm4fbsAJ 
marinamogarelli, Sat Apr 25 05:36:42 +0000 2020, 12.545146, 41.898416, Troppo forte ğŸ‘ 
rjagadishy, Sat Apr 25 05:36:43 +0000 2020, 93.039177, 11.410172, #AmazingAndamans... #StayHome #StaySafe... Especially  People  in Portblair .. infact entire South Andaman... Stillâ€¦ https://t.co/5PDyFnMVpD 
ChrisEnriquez, Sat Apr 25 05:36:50 +0000 2020, -73.941111, 40.683333, Yo whereâ€™s Long Island at? Heads ainâ€™t ready! Ladies, gents and all humans... my next guest on AGE OF QUARANTINE waâ€¦ https://t.co/RX6izy9dZh 
irukashoten, Sat Apr 25 05:36:51 +0000 2020, 135.303995, 34.279132, StayHomeã§å®¶ã‚³ãƒ¼ãƒ’ãƒ¼ã€‚æ¯å›ã‚±ãƒˆãƒ«ã®ãƒ•ã‚¿ãŒè½ä¸‹ã—ã¦å¤§æƒ¨äº‹ã€‚ #å®¤å†…ã‚­ãƒ£ãƒ³ãƒ— #å‡ºæ›ã‘ãªã„å‹‡æ°— https://t.co/g6qfbRKBge 
nyu_works, Sat Apr 25 05:37:13 +0000 2020, 134.515146, 34.043209, å¯ã¦ã‚‚å¯ã¦ã‚‚ã­ã‚€ã„ã®ã€œğŸ˜´ã‚ã‚“ã‚ˆãƒ”ãƒ¼ãƒ³ã€‚#å¾³å³¶ #å¾³å³¶çœŒ #å¾³å³¶å¸‚ #ã¨ãã—ã¾ #çŠ¬ã®ã„ã‚‹æš®ã‚‰ã— #çŠ¬ã®ã„ã‚‹ç”Ÿæ´» #ç§˜å¯†çµç¤¾è€çŠ¬å€¶æ¥½éƒ¨ #å®¶ã«ã„ã‚ˆã† #ãŠã†ã¡æ™‚é–“ #stayhome https://t.co/ibE8dYINQt 
rachel_morgan97, Sat Apr 25 05:37:15 +0000 2020, -68.984705, 45.188407, @gabcake Thank you for always brightening my day even during this quarantine 
lupitalowkz, Sat Apr 25 05:37:19 +0000 2020, -117.104989, 32.810012, Dude wtf 
JDBakeshop, Sat Apr 25 05:37:23 +0000 2020, 122.549703, 10.729419, ISSUE KAMO ISA KA QUARANTINE PASS, SA BILOG NGA APARTMENT??? OKAY TANI KUNG KILALAHAY KAMI D TANAN??? 
SrinivaSV_, Sat Apr 25 05:37:26 +0000 2020, 79.698669, 13.750099, Instead of #RunningThese #aerobic exercises circuit helps to reduce #fat5 #Workouts30 secs each2:30 Mins x 10â€¦ https://t.co/mvnAlj5uTG 
dariannramirezz, Sat Apr 25 05:37:29 +0000 2020, -122.085776, 37.641271, When Youâ€™re Bored During Quarantine. https://t.co/sjixlmlKOC 
HigherBeatss, Sat Apr 25 05:37:38 +0000 2020, -98.500000, 29.416700, Bored In the house, and Iâ€™m In the house bored.#boredinthehouse #ticktok #chuybeats #stupedticktokâ€¦ https://t.co/csABDfW4es 
knwall16, Sat Apr 25 05:37:43 +0000 2020, -76.069946, 36.802541, @Pharrell @sitw because this weekend was supposed to be #sitw2020 yâ€™all should design a #sitw2020 quarantine shirtâ€¦ https://t.co/5CXE4fZOBt 
EbonyVenson, Sat Apr 25 05:37:55 +0000 2020, -80.926628, 33.631140, Itâ€™s 1:37 and Iâ€™m devouring brownies. Iâ€™m definitely going to gain this quarantine 15. 
madikarsteter, Sat Apr 25 05:38:04 +0000 2020, -100.076888, 31.168893, @JohnMA_24 Shoot. Your. Shot. At least look at quarantine with a positive of you wonâ€™t have to see her (if she says no) 
sabrynsucks, Sat Apr 25 05:38:06 +0000 2020, -77.236969, 38.805115, quarantine got me all types of fucked up 
ReinnaClaireC, Sat Apr 25 05:38:11 +0000 2020, 121.170794, 14.687938, I wanna get outtttt 
Bontott18, Sat Apr 25 05:38:13 +0000 2020, 107.113788, -6.242403, Hey peoples...  ğŸ˜“ how's the quarantine life going ??? Im bored at home ğŸ˜©ğŸ˜­ 
rafaelloren5, Sat Apr 25 05:38:19 +0000 2020, -66.393911, 18.436910, Soy yo o este cabron no tiene ombligo 
bardoKING_TV, Sat Apr 25 05:38:22 +0000 2020, -80.442980, 22.148234, FIRE ğŸ”¥ .....#fire #cubanking #cubanboy #insta #instagood #instalike #instafollow #follow #fotoathomeâ€¦ https://t.co/22791oYYZ0 
Wandering623, Sat Apr 25 05:38:24 +0000 2020, 139.622008, 35.745865, ç·´é¦¬åŒºæ°‘ãŒã‚¹ãƒ¼ãƒ‘ãƒ¼ã§è²·ã†ã ã„ã“ã‚“ã¨ã‚­ãƒ£ãƒ™ãƒ„ã¯ #åƒè‘‰ç”£ç¢ºã‹ã“ã®ã‚¹ãƒ¼ãƒ‘ãƒ¼ã€å¤§æ³‰ç”£ã¦ã‚³ãƒ¼ãƒ‰ãŒã‚ã£ãŸã¯ãšãªã‚“ã ã‘ã©ã­#å†™çœŸ#photography#æ±äº¬ã‚«ãƒ¡ãƒ©éƒ¨#ã‚­ãƒªãƒˆãƒªã‚»ã‚«ã‚¤#ç·´é¦¬åŒº#å¥‘ç´„è¾²å®¶ #é‡èœ#å¤§æ ¹â€¦ https://t.co/DxIi1Zqfcy 
Amuthavanan1924, Sat Apr 25 05:38:49 +0000 2020, 78.091890, 9.868919, #quarantine #taxiDriver ğŸ¤£ https://t.co/BwfLmSJCsk 
BrownyBeatsTX, Sat Apr 25 05:38:56 +0000 2020, -97.224318, 32.860387, these Jersey Shore guys starting to fuse together 
Deep_Maini, Sat Apr 25 05:38:58 +0000 2020, 77.359356, 28.636974, Tandoori Buna Soya wrap #chunks #foodporn #delicious #cheflife #newpost #wrap #kitchen #photography #apple #moodâ€¦ https://t.co/AVJsdWRE7J 
lungareaux, Sat Apr 25 05:39:02 +0000 2020, -90.178629, 30.001244, Can I personally draft at least 3 of these guys to be my quarantine friends? Iâ€™ll cook for them. And yes, I know whâ€¦ https://t.co/2ENpe7IjtU 
BoiLoydiee, Sat Apr 25 05:39:05 +0000 2020, 121.062736, 14.683012, Ermintanyo look after quarantine ğŸ˜ğŸ‘Œ https://t.co/EktnVvKRfj 
pdaddyfink, Sat Apr 25 05:39:06 +0000 2020, -104.922093, 39.713563, Me walking into the first gay bar post quarantine...@trixiemattel @RuPaulsDragRace https://t.co/lXt5GNvtyV 
Cute_Loano, Sat Apr 25 05:39:25 +0000 2020, 27.875272, -26.256422, Mama gae made pinky pinky for the kidğŸ˜­ğŸ˜­ğŸ˜­.Imagine o phaphama during the night with that thing on my corner? ğŸ˜­ğŸ˜­ğŸ˜­ğŸ˜­ğŸ˜­ 
EarthlingsNGO, Sat Apr 25 05:39:25 +0000 2020, 78.385285, 17.395038, Lock down Diaries by Earthlings Team @KTRTRS @virendersehwag @naralokesh See how our team members are working towâ€¦ https://t.co/8IGxRwQ2IT 
tazdata_, Sat Apr 25 05:39:46 +0000 2020, 36.032232, -2.824641, Tunawatakia waislamu wote duniani Ramadan Kareem.#ramadan #ramadhan #ramadan2020 #ramadankareem  #tazdataâ€¦ https://t.co/n3lc2Qx8fA 
Woww4A, Sat Apr 25 05:39:56 +0000 2020, 39.254129, 21.585711, Vegan orange cake recipe .. stay healthy in RamadanğŸŒ™ğŸ’™ and #StayHome https://t.co/b3xm7qlbgS 
grizette_, Sat Apr 25 05:40:05 +0000 2020, -117.896662, 34.047179, i just think quarantine would be funner with a step brother idk 
AdindaSiwi, Sat Apr 25 05:40:12 +0000 2020, 107.524623, -6.842106, Iyaaa!!! Terong balado, soto kudus, capcay, semuanyaaa!!! 
_asap_ollie, Sat Apr 25 05:40:16 +0000 2020, -98.540651, 29.417501, This ainâ€™t DJ Pauly D more like Pablo DğŸ˜‚ 
Pistol_Danger, Sat Apr 25 05:40:23 +0000 2020, -90.499221, 38.577462, Hey @MikeyBMOC your dad looks just like you! 
JoyalOlivera92, Sat Apr 25 05:40:29 +0000 2020, 72.876400, 19.062700, Beardo Moustache And Beard Wax...@BeardoForMen .#beardo #product #productphotography #quarantineâ€¦ https://t.co/O7UIYZrNvJ 
_andreamoran_, Sat Apr 25 05:40:36 +0000 2020, -117.815428, 34.000937, My 5 year old niece got bored and asked us to cut her bangs. Donâ€™t know how much longer weâ€™ll hold up in quarantine 
maarshang, Sat Apr 25 05:40:41 +0000 2020, 123.918788, 10.371011, Tiktokeeeers kapoy ilis2x part 2 ğŸ˜….......#tiktok #tiktokvideo #tiktokph #changeoutfit #staysafe #stayhomeâ€¦ https://t.co/3qqFwXJb4h 
Rom_Gallardo, Sat Apr 25 05:40:41 +0000 2020, 105.813366, 21.040291, ğ’½ğ‘œğ“‚ğ‘’ğ“‚ğ’¶ğ’¹ğ‘’ ğ’»ğ’¶ğ’¸ğ‘’ğ“‰ğ’¾ğ“‚ğ‘’ ğ“ˆğ‘’ğ“ˆğ“ˆğ’¾ğ‘œğ“ƒ â™¥ğŸ“²ğŸ’—. #quarantineandchill #quarantine @ Facetime https://t.co/H6RMrfl7l4 
BalasiaSubham, Sat Apr 25 05:40:45 +0000 2020, 77.095086, 28.638489, This lockdown will make you a connoisseur in household work. Right, from cleaning your bedroom after waking up in tâ€¦ https://t.co/y2XhMq2hPt 
likethecatmeow, Sat Apr 25 05:40:48 +0000 2020, -118.411907, 34.020789, Iâ€™m watching Carriers (2009) rn on netflix, itâ€™s about a virus that starts killing ppl off. first everybody had toâ€¦ https://t.co/H4USBdQnM7 
toto_urita, Sat Apr 25 05:40:50 +0000 2020, 140.467000, 40.600000, stayhome#stayhome #rescuedog å ´æ‰€: Hirosaki, Aomori https://t.co/EvApHuNfJ5 
truth2384, Sat Apr 25 05:40:58 +0000 2020, 150.931975, -33.848244, Unreal billionaires or not, the rules and law in these times shouldn't be broken or exempt because you have more moâ€¦ https://t.co/UcL8T3iPEh 
chiikishinbun, Sat Apr 25 05:41:03 +0000 2020, 140.107549, 35.738002, ã“ã‚“ã«ã¡ã¯ğŸ˜Š #stayhomeÂ  ã®ãŠä¾›ã«ã‚ã‚„ã¨ã‚Šã€ã„ã„ã§ã™ã­âœ¨ã€Œã¡ã‚‡ã†ã¡ã‚‡ã€ä½œã£ã¦ã¿ã¾ã—ãŸğŸ¦‹è‰¯ã‹ã£ãŸã‚‰çš†ã•ã‚“ã‚‚æŒ‘æˆ¦ã—ã¦ã¿ã¦ãã ã•ã„ğŸ™Œ#ã†ã¡ã§éã”ãã†Â #ç³¸ãƒãƒ£ãƒ¬ãƒ³ã‚¸https://t.co/rn4Bc6W8Tb 
alexvarsaphoto, Sat Apr 25 05:41:05 +0000 2020, -118.411907, 34.020789, Couples in quarantine have become the â€œtake a picture at the gym or it didnâ€™t happenâ€ of the internet 
yagirlvaleri3, Sat Apr 25 05:41:11 +0000 2020, -95.446486, 29.838495, How many of yâ€™allâ€™s exes reached out during quarantine? 2.5 for me ğŸ™ˆ 
lorenzoviolone, Sat Apr 25 05:41:13 +0000 2020, 123.000131, 10.652827, Quarantine day #(who knows what) - running out of things to do, also this hair is getting longer ... https://t.co/H0tHel8uF0 
Young_trippy1, Sat Apr 25 05:41:24 +0000 2020, -87.732013, 41.833585, Iâ€™m bout to come out of quarantine with a froğŸ˜Œ 
jessehrene_, Sat Apr 25 05:41:32 +0000 2020, 123.846722, 10.374833, Quarantine makes me 1000x lazier than I was before. 
MannyF10, Sat Apr 25 05:41:32 +0000 2020, -118.411907, 34.020789, Quarantine got me buying shit like this. Worth it! 
stenberg_noah, Sat Apr 25 05:41:36 +0000 2020, -111.082929, 45.687850, This is what quarantine has come to in our house 
EarthlingsNGO, Sat Apr 25 05:41:44 +0000 2020, 78.385285, 17.395038, Lock down Diaries by Earthlings Team @KTRTRS @naralokesh @virendersehwag See how our team members are working towâ€¦ https://t.co/GiXfZtMicw 
likethecatmeow, Sat Apr 25 05:41:51 +0000 2020, -118.411907, 34.020789, TW/ RacismIâ€™m watching Carriers (2009) rn on netflix, itâ€™s about a virus that starts killing ppl off. first everyâ€¦ https://t.co/R4Mzou7Lxn 
Yururi_TOP, Sat Apr 25 05:41:55 +0000 2020, 136.891732, 35.199618, ã¯ã¯æ¿€ã—ã„ãƒ»ãƒ»ãƒ»æ°—ãŒé ããªã‚‹â†ã¾ã ãƒ¤ãƒ«æ°—ã§ã„ã‚‹#ãŠå®¶ã§ç„¡é™å¤§ãƒãƒ£ãƒ¬ãƒ³ã‚¸ #JO1 #ç„¡é™å¤§ #ç„¡é™å¤§ãƒãƒ£ãƒ¬ãƒ³ã‚¸ #å·å°»è“® #ç™½å²©ç‘ å§« #é‡‘åŸç¢§æµ· 
NTVsValerieMia, Sat Apr 25 05:41:57 +0000 2020, -99.067996, 40.699800, If tonight reminded me of anything, it was innocence.â¤ï¸ The pure innocence we had growing up and listening to theâ€¦ https://t.co/Edv9MuCht9 
imtheKI, Sat Apr 25 05:41:59 +0000 2020, -92.061177, 30.206079, i need a quarantine date. nobody go see us ğŸ˜‚ğŸ˜‚ğŸ˜‚ğŸ˜‚ğŸ˜‚ 
